id,text_en,text_pt,sentiment
1,"Once again Mr. Costner has dragged out a movie for far longer than necessary. Aside from the terrific sea rescue sequences, of which there are very few I just did not care about any of the characters. Most of us have ghosts in the closet, and Costners character are realized early on, and then forgotten until much later, by which time I did not care. The character we should really care about is a very cocky, overconfident Ashton Kutcher. The problem is he comes off as kid who thinks hes better than anyone else around him and shows no signs of a cluttered closet. His only obstacle appears to be winning over Costner. Finally when we are well past the half way point of this stinker, Costner tells us all about Kutchers ghosts. We are told why Kutcher is driven to be the best with no prior inkling or foreshadowing. No magic here, it was all I could do to keep from turning it off an hour in.","Mais uma vez, o Sr. Costner arrumou um filme por muito mais tempo do que o necessário. Além das terríveis seqüências de resgate no mar, das quais há muito poucas, eu simplesmente não me importei com nenhum dos personagens. A maioria de nós tem fantasmas no armário, e o personagem Costers é realizado logo no início, e depois esquecido até muito mais tarde, quando eu não me importava. O personagem com o qual deveríamos nos importar é muito arrogante e superconfiante, Ashton Kutcher. O problema é que ele sai como um garoto que pensa que é melhor do que qualquer outra pessoa ao seu redor e não mostra sinais de um armário desordenado. Seu único obstáculo parece estar vencendo Costner. Finalmente, quando estamos bem além do meio do caminho, Costner nos conta sobre os fantasmas dos Kutchers. Somos informados de por que Kutcher é levado a ser o melhor sem pressentimentos ou presságios anteriores. Nenhuma mágica aqui, era tudo que eu podia fazer para não desligar uma hora.",neg
2,"This is an example of why the majority of action films are the same. Generic and boring, theres really nothing worth watching here. A complete waste of the then barely-tapped talents of Ice-T and Ice Cube, whove each proven many times over that they are capable of acting, and acting well. Dont bother with this one, go see New Jack City, Ricochet or watch New York Undercover for Ice-T, or Boyz n the Hood, Higher Learning or Friday for Ice Cube and see the real deal. Ice-Ts horribly cliched dialogue alone makes this film grate at the teeth, and Im still wondering what the heck Bill Paxton was doing in this film? And why the heck does he always play the exact same character? From Aliens onward, every film Ive seen with Bill Paxton has him playing the exact same irritating character, and at least in Aliens his character died, which made it somewhat gratifying...Overall, this is second-rate action trash. There are countless better films to see, and if you really want to see this one, watch Judgement Night, which is practically a carbon copy but has better acting and a better script. The only thing that made this at all worth watching was a decent hand on the camera - the cinematography was almost refreshing, which comes close to making up for the horrible film itself - but not quite. 4/10.","Este é um exemplo do motivo pelo qual a maioria dos filmes de ação são os mesmos. Genérico e chato, não há nada que valha a pena assistir aqui. Um completo desperdício dos talentos de Ice-T e Cubo de Gelo que foram mal aproveitados, cada um comprovando que são capazes de atuar e agir bem. Não se incomode com este, vá ver New Jack City, Ricochet ou assistir New York Undercover para Ice-T, ou Boyz no Hood, Higher Learning ou Friday for Ice Cube e ver o negócio real. Ice-Ts horrivelmente clichê diálogo sozinho faz este filme ralar os dentes, e eu ainda estou me perguntando o que diabos Bill Paxton estava fazendo neste filme? E por que diabos ele sempre interpreta exatamente o mesmo personagem? Dos extraterrestres em diante, todos os filmes que eu vi com Bill Paxton o fizeram interpretar exatamente o mesmo personagem irritante, e pelo menos em Aliens seu personagem morreu, o que o tornou um pouco gratificante ... No geral, esse é lixo de ação de segunda classe. Existem incontáveis ​​filmes melhores para ver, e se você realmente quiser ver esse filme, assista a Judgment Night, que é praticamente uma cópia carbono, mas tem melhor atuação e um roteiro melhor. A única coisa que fez isso valer a pena assistir foi uma mão decente na câmera - a cinematografia era quase refrescante, o que chega perto de compensar o horrível filme em si - mas não é bem assim. 4/10",neg
3,"First of all I hate those moronic rappers, who couldnt act if they had a gun pressed against their foreheads. All they do is curse and shoot each other and acting like clichÃ©e version of gangsters.The movie doesnt take more than five minutes to explain what is going on before were already at the warehouse There is not a single sympathetic character in this movie, except for the homeless guy, who is also the only one with half a brain.Bill Paxton and William Sadler are both hill billies and Sadlers character is just as much a villain as the gangsters. I didnt like him right from the start.The movie is filled with pointless violence and Walter Hills specialty: people falling through windows with glass flying everywhere. There is pretty much no plot and it is a big problem when you root for no-one. Everybody dies, except from Paxton and the homeless guy and everybody get what they deserve.The only two black people that can act is the homeless guy and the junkie but theyre actors by profession, not annoying ugly brain dead rappers.Stay away from this crap and watch 48 hours 1 and 2 instead. At lest they have characters you care about, a sense of humor and nothing but real actors in the cast.","Primeiro de tudo eu odeio esses raps imbecis, que não poderiam agir se tivessem uma arma pressionada contra suas testas. Tudo o que eles fazem é amaldiçoar e atirar um no outro e agir como uma versão clichê de gangsters. O filme não leva mais de cinco minutos para explicar o que está acontecendo antes que já estivessem no armazém. Não há um único personagem simpático nesse filme, com exceção do sem-teto, que também é o único com metade do cérebro. William Paxton e William Sadler são ambos ""hill billies"" e Sadler é tão vilão quanto os gângsteres. Eu não gostava dele desde o começo. O filme está cheio de violência sem sentido e especialidade de Walter Hills: pessoas caindo de janelas com vidros voando por toda parte. Não há praticamente nenhum enredo e é um grande problema quando você torce por ninguém. Todo mundo morre, exceto Paxton e o sem-teto e todos recebem o que merecem. Os dois únicos negros que podem atuar são o sem-teto e o viciado, mas são atores de profissão, não irritantes rappers feios. Fique longe dessa porcaria. e observe 48 horas 1 e 2 em vez disso. No mínimo, eles têm personagens de que você gosta, senso de humor e nada além de atores reais no elenco.",neg
4,"Not even the Beatles could write songs everyone liked, and although Walter Hill is no mop-top hes second to none when it comes to thought provoking action movies. The nineties came and social platforms were changing in music and film, the emergence of the Rapper turned movie star was in full swing, the acting took a back seat to each mans overpowering regional accent and transparent acting. This was one of the many ice-t movies i saw as a kid and loved, only to watch them later and cringe. Bill Paxton and William Sadler are firemen with basic lives until a burning building tenant about to go up in flames hands over a map with gold implications. I hand it to Walter for quickly and neatly setting up the main characters and location. But i fault everyone involved for turning out Lame-o performances. Ice-t and cube must have been red hot at this time, and while Ive enjoyed both their careers as rappers, in my opinion they fell flat in this movie. Its about ninety minutes of one guy ridiculously turning his back on the other guy to the point you find yourself locked in multiple states of disbelief. Now this is a movie, its not a documentary so i wont waste my time recounting all the stupid plot twists in this movie, but there were many, and they led nowhere. I got the feeling watching this that everyone on set was sord of confused and just playing things off the cuff. There are two things i still enjoy about it, one involves a scene with a needle and the other is Sadlers huge 45 pistol. Bottom line this movie is like dominos pizza. Yeah ill eat it if Im hungry and i dont feel like cooking, But Im well aware it tastes like crap. 3 stars, meh.","Nem mesmo os Beatles puderam escrever músicas que todos gostassem, e embora Walter Hill não seja um mop-top, ele é incomparável quando se trata de filmes de ação instigantes. Os anos noventa chegaram e as plataformas sociais estavam mudando em música e cinema, o surgimento da estrela de cinema do Rapper estava em pleno andamento, a atuação ficou em segundo plano para cada homem dominar o sotaque regional e a atuação transparente. Este foi um dos muitos filmes de ice-t que eu vi quando criança e amei, só para assisti-los mais tarde e me encolher. Bill Paxton e William Sadler são bombeiros com vidas básicas até que um inquilino em chamas prestes a pegar fogo com um mapa com implicações douradas. Eu entrego a Walter para rapidamente e ordenadamente configurar os personagens principais e localização. Mas eu culpo todos os envolvidos por produzir performances do Lame-o. O gelo e o cubo devem ter ficado muito quentes neste momento, e embora eu tenha gostado de suas carreiras como rappers, na minha opinião, eles ficaram insatisfeitos com esse filme. São cerca de noventa minutos de um cara ridiculamente virando as costas para o outro cara até o ponto em que você se encontra bloqueado em múltiplos estados de descrença. Agora este é um filme, não é um documentário, então eu não vou perder meu tempo recontando todas as reviravoltas estúpidas neste filme, mas havia muitos, e eles não levaram a lugar nenhum. Eu tenho a sensação de ver isso que todo mundo no set era sordeto de confuso e apenas jogando as coisas fora do punho. Há duas coisas que eu ainda gosto, uma envolve uma cena com uma agulha e a outra é uma enorme pistola 45 Sadlers. Bottom line este filme é como pizza de dominó. Sim, eu comeria se estivesse com fome e eu não estivesse com vontade de cozinhar, mas eu estou bem ciente que tem gosto de porcaria. 3 estrelas, meh.",neg
5,"Brass pictures movies is not a fitting word for them really are somewhat brassy. Their alluring visual qualities are reminiscent of expensive high class TV commercials. But unfortunately Brass pictures are feature films with the pretense of wanting to entertain viewers for over two hours! In this they fail miserably, their undeniable, but rather soft and flabby than steamy, erotic qualities non withstanding.Senso 45 is a remake of a film by Luchino Visconti with the same title and Alida Valli and Farley Granger in the lead. The original tells a story of senseless love and lust in and around Venice during the Italian wars of independence. Brass moved the action from the 19th into the 20th century, 1945 to be exact, so there are Mussolini murals, men in black shirts, German uniforms or the tattered garb of the partisans. But it is just window dressing, the historic context is completely negligible.Anna Galiena plays the attractive aristocratic woman who falls for the amoral SS guy who always puts on too much lipstick. She is an attractive, versatile, well trained Italian actress and clearly above the material. Her wide range of facial expressions signalling boredom, loathing, delight, fear, hate ... and ecstasy are the best reason to watch this picture and worth two stars. She endures this basically trashy stuff with an astonishing amount of dignity. I wish some really good parts come along for her. She really deserves it.","Filmes de fotos de latão não é uma palavra apropriada para eles, na verdade, são um tanto ousados. Suas qualidades visuais atraentes são reminiscentes de comerciais de TV caros de alta classe. Mas, infelizmente, as imagens de Brass são longas-metragens com o pretexto de querer entreter os telespectadores durante mais de duas horas! Nisto eles falham miseravelmente, suas qualidades eróticas inegáveis, mas bastante suaves e flácidas que vaporosas, não resistentes.Senso 45 é um remake de um filme de Luchino Visconti com o mesmo título e Alida Valli e Farley Granger na liderança. O original conta uma história de amor sem sentido e luxúria em Veneza e arredores durante as guerras italianas de independência. Brass moveu a ação do século 19 para o século 20, em 1945, para ser exato, então há murais de Mussolini, homens de camisa preta, uniformes alemães ou o traje esfarrapado dos partidários. Mas é apenas fachada, o contexto histórico é completamente insignificante. Anna Galiena interpreta a atraente mulher aristocrática que se apaixona pelo cara amoral da SS que sempre usa muito batom. Ela é uma atriz italiana atraente, versátil e bem treinada e claramente acima do material. Sua ampla gama de expressões faciais sinalizando tédio, aversão, prazer, medo, ódio ... e êxtase são a melhor razão para assistir a esta foto e vale duas estrelas. Ela suporta este material basicamente inútil com uma quantidade impressionante de dignidade. Desejo que algumas partes realmente boas apareçam para ela. Ela realmente merece isso.",neg
6,"A funny thing happened to me while watching ""Mosquito"": on the one hand, the hero is a deaf-mute and the director is totally unable to make us understand why he does what he does mutilating mannequins...er, excuse me, corpses through his images. On the other hand, the English version at least is very badly dubbed. So I found myself wishing there had been both more AND less dialogue at the same time! This film is stupid funny how this guy has access to every graveyard and mortuary in his town and lurid where would we be in a 70s exploitationer without our gratuitous lesbian scene?. Not to mention the ""romantic"" aspect oh, how sweet!...Miss it.","Uma coisa engraçada aconteceu comigo enquanto assistia ""Mosquito"": por um lado, o herói é surdo-mudo e o diretor é totalmente incapaz de nos fazer entender por que ele faz o que ele faz com manequins mutilantes ... er, desculpe-me, cadáveres através de suas imagens. Por outro lado, a versão em inglês, pelo menos, é muito mal dublada. Então eu me encontrei desejando que houvesse tanto mais E menos diálogo ao mesmo tempo! Este filme é estúpido como esse cara tem acesso a todos os cemitérios e necrotérios de sua cidade, e onde é que estaríamos em um explorador dos anos 70 sem a nossa cena lésbica gratuita ?. Sem mencionar o aspecto ""romântico"", oh, que doce!",neg
7,"This German horror film has to be one of the weirdest I have seen.I was not aware of any connection between child abuse and vampirism, but this is supposed based upon a true character.Our hero is deaf and mute as a result of repeated beatings at the hands of his father. he also has a doll fetish, but I cannot figure out where that came from. His co-workers find out and tease him terribly.During the day a mild-manner accountant, and at night he breaks into cemeteries and funeral homes and drinks the blood of dead girls. They are all attractive, of course, else we wouldnt care about the fact that he usually tears their clothing down to the waist. He graduates eventually to actually killing, and that is what gets him caught.Like I said, a very strange movie that is dark and very slow as Werner Pochath never talks and just spends his time drinking blood.","Este filme de terror alemão tem que ser um dos mais estranhos que eu já vi. Eu não estava ciente de qualquer conexão entre abuso infantil e vampirismo, mas isso é supostamente baseado em um verdadeiro personagem. Nosso herói é surdo e mudo como resultado de espancamentos repetidos. nas mãos de seu pai. ele também tem um fetiche de bonecas, mas não consigo descobrir de onde veio isso. Seus colegas de trabalho descobrem e provocam-no terrivelmente.Durante o dia um contador de maneira suave, e à noite ele invade cemitérios e funerárias e bebe o sangue de garotas mortas. Eles são todos atraentes, é claro, senão não nos importamos com o fato de que ele geralmente rasga suas roupas até a cintura. Ele se forma eventualmente para matar, e é isso que o faz ser pego. Como eu disse, um filme muito estranho que é sombrio e muito lento, já que Werner Pochath nunca fala e apenas gasta seu tempo bebendo sangue.",neg
8,"Being a long-time fan of Japanese film, I expected more than this. I cant really be bothered to write to much, as this movie is just so poor. The story might be the cutest romantic little something ever, pity I couldnt stand the awful acting, the mess they called pacing, and the standard ""quirky"" Japanese story. If youve noticed how many Japanese movies use characters, plots and twists that seem too ""different"", forcedly so, then steer clear of this movie. Seriously, a 12-year old could have told you how this movie was going to move along, and thats not a good thing in my book.Fans of ""Beat"" Takeshi: his part in this movie is not really more than a cameo, and unless youre a rabid fan, you dont need to suffer through this waste of film.2/10","Sendo um fã de longa data do cinema japonês, eu esperava mais do que isso. Eu realmente não posso ser incomodado para escrever muito, como este filme é tão pobre. A história pode ser a coisa mais fofa e romântica de todos os tempos, pena que eu não poderia suportar a atuação horrível, a bagunça que eles chamavam de ritmo, e a história japonesa ""peculiar"". Se você notou quantos filmes japoneses usam personagens, gráficos e reviravoltas que parecem muito ""diferentes"", forçosamente, então evite esse filme. Sério, um garoto de 12 anos poderia ter dito a você como esse filme iria continuar, e isso não é uma coisa boa no meu livro. Fãs de ""Beat"" Takeshi: sua parte neste filme não é mais do que uma aparição, e a menos que você seja um fã fanático, você não precisa sofrer com esse desperdício de filme.2 / 10",neg
9,"""Tokyo Eyes"" tells of a 17 year old Japanese girl who falls in like with a man being hunted by her big bro who is a cop. This lame flick is about 50% filler and 50% talk, talk, and more talk. Youll get to see the less than stellar cast of three as they talk on the bus, talk and play video games, talk and get a haircut, talk and walk and walk and talk, talk on cell phones, hang out and talk, etc. as you read subtitles waiting for something to happen. The thin wisp of a story is not sufficient to support a film with low end production value, a meager cast, and no action, no romance, no sex or nudity, no heavy drama...just incessant yadayadayadaing. C-","""Tokyo Eyes"" fala de uma menina japonesa de 17 anos que cai como um homem sendo caçado por seu irmão mais velho que é um policial. Este filme manco é de cerca de 50% de enchimento e 50% de conversas, conversas e mais conversas. Você verá o elenco estelar de menos de três pessoas enquanto eles conversam no ônibus, conversam e jogam videogames, conversam e cortam o cabelo, conversam e andam e andam e conversam, conversam no celular, passam o tempo conversando etc. enquanto você lê legendas esperando que algo aconteça. O fino fio de uma história não é suficiente para sustentar um filme com baixo valor de produção final, um elenco escasso, e sem ação, sem romance, sem sexo ou nudez, sem drama pesado ... apenas incessante yadayadayadaing. C-",neg
10,"Wealthy horse ranchers in Buenos Aires have a long-standing no-trading policy with the Crawfords of Manhattan, but what happens when the mustachioed Latin son falls for a certain Crawford with bright eyes, blonde hair, and some perky moves on the dance floor? 20th Century-Fox musical has a glossy veneer yet seems a bit tatty around the edges. It is very heavy on the frenetic, gymnastic-like dancing, exceedingly thin on story. Betty Grable an eleventh hour replacement for Alice Faye gives it a boost, even though shes paired with leaden Don Ameche in tan make-up and slick hair. Also good: Charlotte Greenwood as Bettys pithy aunt, a limousine driver whos constantly asleep on the job, and Carmen Miranda playing herself who else?. The stock shots of Argentina far outclass the action filmed on the Fox backlot, and some of the supporting performances are quite awful. By the time of the big horserace finale, most viewers will have had enough. 1/2 from","Fazendeiros ricos em Buenos Aires têm uma longa política de não-comércio com os Crawford de Manhattan, mas o que acontece quando o filho latino de bigode cai por um certo Crawford com olhos brilhantes, cabelos loiros e alguns movimentos alegres na pista de dança? O musical da 20th Century-Fox tem um verniz brilhante, mas parece um pouco ultrapassado nas bordas. É muito pesado na dança frenética, como ginástica, extremamente fina na história. Betty Grable, uma substituta de décima primeira hora de Alice Faye, dá um impulso, apesar de ela estar emparelhada com Don Ameche, de pele castanha e magricela. Também é bom: Charlotte Greenwood como Bettys tia, uma motorista de limusine que constantemente adormece no trabalho, e Carmen Miranda interpretando quem mais ?. As filmagens de ações da Argentina superam de longe a ação filmada no backlot da Fox, e algumas das performances de apoio são bastante terríveis. Até o final do grande final de corrida de cavalos, a maioria dos espectadores terá o suficiente. 1/2 de",neg
11,"In 1967 I visited the Lake Elsinore glider-port and flew a yellow Pratt Read sailplane. Returning to Germany the above serious ran on TV and one segment was about the high altitude sailplane flights in California in the early 50ies. The real life pilot was Bill Ivans, I dont know who played him in the series It turned out that the sailplane in the film was the same same N-number as the one I had flown at Lake Elsinore. Ever since I saw that segment I have been searching for it and have been wondering if it is somewhere available. other segments in that serious were about the Baker Ejection Seat; an instrument to find avalanche victims etc.","Em 1967, visitei o planador do lago Elsinore e voei um planador Pratt Read amarelo. Voltando para a Alemanha, o grave acima foi veiculado na TV e um segmento foi sobre os vôos de planadores de alta altitude na Califórnia no início dos anos 50. O piloto da vida real era Bill Ivans, eu não sei quem o interpretou na série. Acontece que o planador do filme era o mesmo número N do que o que eu tinha voado no Lago Elsinore. Desde que eu vi esse segmento eu tenho procurado por ele e tenho me perguntado se ele está em algum lugar disponível. outros segmentos dessa gravidade eram sobre o Assento de Ejeção da Baker; um instrumento para encontrar vítimas de avalanche etc.","pos"
12,"With the death of GEORGE NADER, on 4 February 2002, I thought of this most interesting program, which even though it had only a short run, was a tremendous idea with good story lines throughout. Generally unseen for over 40+ years it would be worth viewing again. The opening credits showed many differing images, one of which was a snippit of COLONEL JOHN PAUL STAPP, riding his famed rocket sled, at the point where he was often referred to as ""The Fastest Man Alive"".","Com a morte de GEORGE NADER, em 4 de fevereiro de 2002, pensei no programa mais interessante, que, apesar de ter apenas um curto prazo, foi uma tremenda idéia com bons enredos por toda parte. Geralmente invisível por mais de 40 anos, valeria a pena ser visto novamente. Os créditos iniciais mostravam muitas imagens diferentes, uma das quais era um trecho de COLONEL JOHN PAUL STAPP, montado em seu famoso trenó de foguetes, no ponto em que ele era frequentemente chamado de ""The Fastest Man Alive"".","pos"
13,"Or released on DVD or screened on a cable channel like Amer. Life TV network. I have been watching another favorite, ""Voyage to the Bottom of the Sea"", as well as ""Lost in Space"" and Land of Giants"". Theyve been showing them forever but arent receptive to suggestions for other shows. My father and I were big fans as I was already a big science/electronics nut, still am and my father was an old school chum of Nader. They both attended Oxy together. I still have memories of several of the episodes even though I was only 9. More so than any show that old. I think it was televised on Sat. after ""Bonanza"". Some of the episodes I recall are the one where he takes the experimental drug that slows down action. Or the one where he body surfs the big ones, I did that too! Or the one where there was a mine cave in and he conveys how to use mind control to have the trapped people slow their breathing by entering a trance-like state. That is the one show that I wish I could see again. I got my wish with the original ""Outer Limits"" and ""Sci-Fi Theater...John","Ou lançado em DVD ou exibido em um canal a cabo, como Amer. Rede de TV Life. Eu tenho assistido a outro favorito, ""Viagem ao Fundo do Mar"", assim como ""Perdido no Espaço"" e Terra dos Gigantes "". Eles têm mostrado para sempre, mas não são receptivos a sugestões para outros shows. Meu pai e eu estávamos grandes fãs como eu já era uma grande porca da ciência / eletrônica, ainda sou e meu pai era um velho colega de escola de Nader. Ambos freqüentaram Oxy juntos. Eu ainda tenho lembranças de vários episódios, mesmo que eu tenha apenas 9 anos. do que qualquer outro show antigo, eu acho que foi televisionado no sábado depois de ""Bonanza"". Alguns dos episódios que eu lembro são aquele em que ele toma a droga experimental que diminui a ação, ou aquele em que ele surfa os grandes, Eu fiz isso também, ou aquele em que havia uma mina e ele transmite como usar o controle da mente para fazer as pessoas aprisionarem a respiração, entrando em um estado de transe, esse é o único show que eu gostaria de ver Eu tenho o meu desejo com os originais ""Outer Limits"" e ""Sci-Fi Theatre ... John","pos"
14,"I recently had the pleasure of seeing The Big Bad Swim at the Ft. Lauderdale Film Festival and I must say it is the best film I have seen all year and the only film I have ever felt inspired to write a comment/review on. This film was beautifully directed and combined a script with realistic dialogs, excellent acting, and an inspiring message. Ordinary lives come together in an adult swim class and become extraordinary in a celebration of the diversity of life. This is poignantly illustrated by the imagery in the first minute of this captivating film where we see only the legs and torso of individuals in various shapes and sizes enter into a pool of water. This film is brilliantly directed as the actors are placed and positioned in captivating scenes, which hold your attention and imagination.","Recentemente tive o prazer de ver o The Big Bad Swim no Ft. Lauderdale Film Festival e devo dizer que é o melhor filme que eu vi o ano todo e o único filme que eu já me senti inspirado para escrever um comentário / revisão sobre. Este filme foi lindamente dirigido e combinou um roteiro com diálogos realistas, excelente atuação e uma mensagem inspiradora. Vidas comuns se juntam em uma aula de natação para adultos e se tornam extraordinárias em uma celebração da diversidade da vida. Isso é ilustrado de forma pungente pelas imagens no primeiro minuto deste filme cativante, em que vemos apenas as pernas e o tronco de indivíduos de várias formas e tamanhos entrando em uma poça de água. Este filme é brilhantemente dirigido como os atores são colocados e posicionados em cenas cativantes, que prendem sua atenção e imaginação.","pos"
15,"Prior to seeing Show People, my impression of silent comedy was essentially slapstick, and slapstick only. I could not imagine how screen comedy could be possible without relying heavily on spoken word or numerous pratfalls. But this masterful film proved me wrong. Davies, in my view, was probably the greatest comedic actress to come along prior to Lucille Ball. I mention Lucy primarily because Davies mannerisms and facial expressions reminded me of her to the point that I wonder if Davies wasnt one of Balls primary influences. This is coming from a 21 year old who had never before seen silent comedy, and I must say that no matter how much of the period-specific references you actually get I didnt, apparently, you will not be bored by this movie. You will probably even laugh more than you would at most talkie comedies. This is not only my favorite silent comedy, but easily among my ten favorite comedies of all time.","Antes de ver Show People, minha impressão de comédia silenciosa era essencialmente palhaçada e apenas palhaçada. Eu não podia imaginar como a comédia de tela poderia ser possível sem depender muito da palavra falada ou de inúmeras quedas. Mas esse filme magistral me provou errado. Davies, na minha opinião, foi provavelmente a maior atriz de comédia que veio antes de Lucille Ball. Eu menciono Lucy principalmente porque os maneirismos e as expressões faciais de Davies me lembravam dela a tal ponto que me pergunto se Davies não era uma das principais influências de Balls. Isso vem de um jovem de 21 anos que nunca tinha visto uma comédia silenciosa, e devo dizer que não importa quantas referências específicas ao período você realmente tenha, eu não, aparentemente, você não ficará entediado com esse filme. Você provavelmente vai rir mais do que você faria na maioria das comédias. Esta não é apenas minha comédia silenciosa favorita, mas facilmente entre as minhas dez comédias favoritas de todos os tempos.","pos"
16,"This film is hilarious, original, & beautifully directed. I have become a BIG BAD SWIM groupie, tracking it to film festivals whenever & wherever I can. Ive seen it about half a dozen times now, & each time, enthusiastic audience response has confirmed my feeling that this is one of the best films to come out in years. At nearly every festival it has screened, it has either sold out, or won the Audience Favorite award. Its clear that people love this film, & even clearer why they do. The cinematography is superb, the characterization & acting brilliant, the ending fantastic, & the direction filled with compassion, wisdom & the art of perfect timing. Its hard to believe this is Ishai Settons first film. I hope it will be released soon so everyone can see it.","Este filme é hilário, original e maravilhosamente dirigido. Eu me tornei uma groupie de BIG BAD SWIM, acompanhando-a para filmar festivais sempre e onde quer que eu possa. Eu já vi isso meia dúzia de vezes agora, e cada vez, a resposta entusiasmada do público confirmou o meu sentimento de que este é um dos melhores filmes a serem lançados em anos. Em quase todos os festivais que já foram exibidos, eles foram vendidos ou ganharam o prêmio Audience Favorite. É claro que as pessoas adoram esse filme, e ainda mais claro o porquê delas. A cinematografia é soberba, a caracterização e atuação brilhante, o final fantástico, e a direção cheia de compaixão, sabedoria e a arte do timing perfeito. É difícil acreditar que seja o primeiro filme de Ishai Settons. Espero que seja lançado em breve para que todos possam ver.","pos"
17,"A community pool in Connecticut is the setting for this ""under the radar"" film which is charming, funny, entertaining, and appealing. Although it won prizes in major film festivals, ""The Big Bad Swim"" was not released to hordes of theaters across America, but was distributed in DVD form, and shown in theaters selectively. It is unfortunate that ""The Big Bad Swim"" never had the marketing hype of a Hollywood release, considering how many sinkers Hollywood HAS released this year, such as ""I Know Who Killed Me."" ""The Big Bad Swim,"" a genuinely good independent film, has had to swim upstream on its own.Nevertheless, in ""The Big Bad Swim,"" actress Paget Brewster is endearing and believable as Amy, the wired-to-breaking point math teacher who not only is being dumped by her husband but also is about to lose her job, and ends up taking a gamble on a new life. TV soap actor Jeff Branson-- who is HOT-- plays Noah, the earnest, vulnerable swim teacher who goes the extra pool length to help his students overcome their fears, and discovers he can learn from his students. Pretty, sexy Jess Weixler did I just see her in a bank commercial? deftly plays Jordan, the swimmer-to-be who works two jobs, one as a pole dancer, the other as a blackjack dealer. Her character provides the catalyst for change amongst the ensemble, but is the least understandable of the characters, because of a lack of a ""back story"" or motivation as to why she does what she does. Jordan is young enough to still live at home with a ubiquitous, video-camera-toting younger brother who spies on her. However, her parents are not shown to be involved with her life in any way, which seems odd. Theres no drunken mother or abusive father here to explain why a normal, attractive girl from a Connecticut suburb would choose to be a self-medicating pole dancer who debases herself for loutish bachelor parties. Despite this quibble, ""The Big Bad Swim"" succeeds, in large part, because it is a happy, feel good film.As one might expect, learning to swim is the metaphor for life. Ultimately its better to jump in with both feet, and get in the swim, rather than sit on the deck, because life happens to you anyway.The Big Bad Swim is a great date movie, a great dorm movie, a great ""what havent I seen"" movie, and men like it as well as women.","Um pool comunitário em Connecticut é o cenário para este filme ""sob o radar"" que é encantador, divertido, divertido e atraente. Embora tenha ganhado prêmios em grandes festivais de cinema, ""The Big Bad Swim"" não foi lançado para hordas de cinemas em toda a América, mas foi distribuído em formato de DVD e exibido nos cinemas seletivamente. É lamentável que ""The Big Bad Swim"" nunca tenha tido o marketing exagerado de um lançamento de Hollywood, considerando quantos sinkers Hollywood lançou este ano, como ""I Know Who Killed Me"". ""The Big Bad Swim"", um genuinamente bom filme independente, teve que nadar rio acima por conta própria. No entanto, em ""The Big Bad Swim"", a atriz Paget Brewster é cativante e crível como Amy, a matemática do ponto de partida até a ruptura. professora que não só está sendo despejada pelo marido, mas também está prestes a perder o emprego, e acaba apostando em uma nova vida. O ator de TV Jeff Branson - que é o HOT - interpreta Noah, o sério e vulnerável professor de natação que vai na piscina extra para ajudar seus alunos a superar seus medos, e descobre que pode aprender com seus alunos. Linda, sexy, Jess Weixler, eu acabei de vê-la em um comercial bancário? habilmente interpreta Jordan, o futuro nadador que trabalha em dois empregos, um como dançarino, o outro como dealer de blackjack. Seu personagem fornece o catalisador para a mudança entre o conjunto, mas é o menos compreensível dos personagens, por causa de uma falta de uma ""história de fundo"" ou motivação por que ela faz o que faz. Jordan é jovem o suficiente para ainda viver em casa com um irmão mais novo, onipresente e com câmera de vídeo, que a espiona. No entanto, seus pais não são mostrados para se envolver com sua vida de qualquer forma, o que parece estranho. Não há mãe bêbada ou pai abusivo aqui para explicar por que uma garota normal e atraente de um subúrbio de Connecticut escolheria ser uma dançarina de auto-medicação que se rebaixasse para festas de despedida de solteiro. Apesar dessa discussão, ""The Big Bad Swim"" é bem-sucedido, em grande parte, porque é um filme feliz e que se sente bem. Como se poderia esperar, aprender a nadar é a metáfora da vida. Em última análise, é melhor entrar com os dois pés e nadar, em vez de sentar no convés, porque a vida acontece com você de qualquer maneira. O Big Bad Swim é um ótimo filme de data, um ótimo filme de dormitório, um ótimo Eu vi ""filme, e os homens gostam tanto quanto as mulheres.","pos"
18,"I think I usually approach film festival comedies with the low expectation that they will invariably be ""quirky,"" and that any intended humor will be derived solely at the expense of the characters simplicity in the face of a complicated context. What was exceptional about Big Bad Swim was that the director was able to maintain the integrity and development of his characters in his film while still finding laugh-out-loud humor in scene after scene. There was a sophistication, maybe due also in part to the sharp work of the DP, Ive rarely seen in an indie film, and even more rarely in a comedy. Of special note here: Paget Brewsters turn as Amy the math teacher. After seeing this performance I cannot understand why Brewster hasnt been ""discovered"" by a larger audience. She brings the necessary mix of anger and likability to the role that really helps this picture reach its potential. This is a terrific work deserving of a larger audience. I look forward to more from the director and this cast!","Acho que costumo abordar as comédias do festival de cinema com a baixa expectativa de que elas sejam invariavelmente ""peculiares"", e que qualquer humor pretendido será derivado apenas à custa da simplicidade dos personagens diante de um contexto complicado. O que era excepcional em Big Bad Swim era que o diretor era capaz de manter a integridade e o desenvolvimento de seus personagens em seu filme, enquanto ainda encontrava humor risonho em cena após cena. Houve uma sofisticação, talvez devido também em parte ao trabalho afiado do DP, que eu raramente vi em um filme independente, e ainda mais raramente em uma comédia. De nota especial aqui: Paget Brewsters virar como Amy a professora de matemática. Depois de ver esse desempenho, não consigo entender por que Brewster não foi ""descoberto"" por um público maior. Ela traz a mistura necessária de raiva e simpatia ao papel que realmente ajuda essa imagem a atingir seu potencial. Este é um ótimo trabalho que merece um público maior. Estou ansioso para mais do diretor e este elenco!","pos"
19,"This indie film looks at the lives of a group of people taking an adult swim class in Connecticut. The plot is fairly thin. What drives the film is the characters, excellently played by mostly unknown actors. Standouts in the cast are Brewster as a high school teacher experiencing marital problems and Weixler as a casino dealer who moonlights as a stripper. The two actresses give natural performances and work well together. This is an impressive feature film debut for writer Schechter and director Setton. The latter keeps the narrative moving at a fast clip. The film title and poster suggest something raunchy, but this is a marvelous little comedy-drama.","Este filme indie analisa a vida de um grupo de pessoas que frequentam uma aula de natação para adultos em Connecticut. O enredo é bastante fino. O que impulsiona o filme são os personagens, excelentemente interpretados por atores em sua maioria desconhecidos. Os destaques do elenco são Brewster como um professor do ensino médio que experimenta problemas conjugais e Weixler como um comerciante de cassinos que faz o luar como stripper. As duas atrizes apresentam performances naturais e trabalham bem juntas. Esta é uma impressionante estreia cinematográfica para o escritor Schechter e o realizador Setton. Este último mantém a narrativa se movendo em um clipe rápido. O título e o pôster do filme sugerem algo atrevido, mas essa é uma pequena comédia dramática maravilhosa.","pos"
